Fretboard,Stratocaster®,Telecaster®,Rosewood,Stratocaster®,Telecaster®,Standard,HSS,Fender®,Blonde
Slipcase,Briefcase,Slimcase,(Briefcase),Brief,Rolling,A7,Quickie,Slipskin,Slip
w/Thru-the-Door,Thru-the-Door,Thru-The-Door,Refrigerator,Ice,29.1,Water,Side-by-Side,19.9,Dispenser
Birdhouse/Tony,SurfDrive,SkateDrive,SnowDrive,Logo,Drives,QS,Cruz,Rob,Workshop
Acoustic/Electric,Electric
Windows,Mac/Windows,Windows,
Blu-ray,class,Glasses,3D-ready,HDTV,Setup,Soundbar,TV,Adapter,Theater
Built,Built-In,Built-in
Playstation,Workstation,Vacation
Stainless-Steel,Stainless-Steel/Black,Stainless-steel,Black/Stainless-Steel,Black-on-Stainless,Stainless,Stainless-Look,Black-on-Black,Black-on-White,Café
Processor,Intel®
Dishwasher,Dishwasher,Tall-Tub,Tub,Tall
1080p,480Hz,120Hz,Class,240Hz,HDTV,Hz,1080i,Class/,INFINIA
Intel,2.40,GHz,i5-2430M,3.40,2.50,i5-2520M,i3-2330M,2.20,i7-2670QM
Frigidaire,Gallery
V-Series,K-Series,P-Series,A-Series,E-Series
Videogame,Sesame
See-Thru,SeeThru,Zip-Thru,C-7,C-8,PT,C7,SGR,SLS,ATX
Mobile,T-Mobile,Phones
Later,Water,Tacoma
9.0-Megapixel,8.0-Megapixel,5.0-Megapixel,12.4-Megapixel,7.0-Megapixel,10.0-Megapixel,8.2-Megapixel,14.0-Megapixel,12.0-Megapixel,16.3-Megapixel
OmniMount,Omnimount,Mount
Self-Cleaning,Freestanding,Drop-In,QuickClean,Slide-In,Range,Propane,Liquid,Oven,Convection
Slaphappy,Muchas,Navidad,Cumpleaños,Denim,Día,Yourself,Fireplace,Thank-You,Emotic-On
Self-Cleaning,Freestanding,Drop-In,QuickClean,Slide-In,Range,Propane,Liquid,Oven,Convection
I580-6736NBC,I560-2050NBK,I560-2133NBK,I570-9402NBK,I580-9186NBC,SX2801-01e,I570-9445NBK,DX4840-03E,FX6840-03E,I620-228NBK
Honeyburst,Schmidt,6-String,Guitar,QM,Tobacco,Full-Size,PDF,RX,Oscar
Battery,Battery
8-String,5-String,7-String,6-String,4-String,Full-Size,Floyd,PT,Left-Handed,Guitar
Colossal-Capacity,King-Size,Super-Capacity,EPICz,7.1,SuperSize,Dryer,Capacity,12-Cycle,7.5
Volkswagen,Installation,Isuzu,1998,1995,ISO,Tacoma,2004-2008,1992,1997
Vehicles,Isuzu,Installation,1998,1995,2004-2008,Tacoma,1992,Metra,Pontiac
Skull,Full
Earphones,Headphones,Smartphones,Earbud,Ear
Headphones,Headphone,Earbud,Earphones,In-Ear,Ear,On-Ear,Headband,Over-the-Ear
Bisque-on-Bisque,Bisque,White-on-White,Black-on-Black,CleanSteel,Black-on-White,Biscuit-on-Biscuit
SteamDryer,Dryer,7.4,Super-Capacity,Bravos,7.3,12-Cycle,EPICz,SuperSize,Capacity
Profile™,Profile,GE
Over-The-Range,Over-the-Range,Microwave,1.9,1.5,1.1,1.2,1.7,Goldstar,1.8
55-200mm,55-300mm,18-200mm,70-300mm,55-200,75-300mm,85mm,50-200mm,55-250mm,55-300
Flash,Flash,
KitchenAid,Architect,Kitchen
Pavilion,HP
1080p,720p,60Hz,480p,480Hz,1080i,120Hz,39,Hz,Class/
6-Cycle,4-Cycle,3-Cycle,14-Cycle,5-Cycle,56-Cycle,8-Cycle,10-Cycle,12-Cycle,11-Cycle
Deception,Expedition,Edition,Civilization
Aftermarket,Isuzu,1992,1997,1982,1990,1995,ISO,1998,Volkswagen
55-200mm,55-300mm,18-200mm,55-200,70-300mm,75-300mm,85mm,55-250mm,50-200mm,55-300
Rebel,EOS,55-250mm,55-250,Gadget,T2i,75-300mm,T3i,Rechargeable,T1i
Notebook,Notebooks,Notebook,(Tote)
Super-Capacity,Colossal-Capacity,Capacity,Dryer,7.1,King-Size,SteamDryer,EPICz,Steam,SuperSize
Factory-Refurbished,Factory-Refurbished**,Refurbished
Inspiron,Dell
Headphone,Headband,Headphones,Microphone,Earphones,O'Neill,Earbud,Mic'd,Headset,PIIQ
Printer,Printer,Winter
Plasma,Zenith,59,50,KURO,51,INFINIA,64,58,480Hz
Tripod,Tripod,SL605
Powershot,SX230HS,Power-shot,SX-230HS,PowerShot,300HS,Elph,A2200,HS,ELPH
Power-shot,SX230HS,SX-230HS,DSC-H90,Cyber-shot,EX-ZS10,Cyber-Shot,Powershot,W560,HS
C-8,Left-Handed,PT,C-7,Hellraiser,C7,ATX,SGR,Solo-6,See-Thru
Headphone,Headphones,Earbud,Earphones,Ear,Headband,Over-the-Ear
Backpack,Backpack,(Backpack)
Photosmart,MediaSmart,Hewlett-Packard
Free,Tree
CoolPix,S4100,Coolpix,L24,S3000,S4300,L22,S3100,S9300,S210
Super,SuperSize,Super-Capacity,Roper,6.5
1300LM,1300LMT,nuvi,1300T,205W,260W,255W,255WT,nüvi,Garmin
($177.98,($180.98,($169.98,($186,($172,dv5-1002nr,dv2815nr,C714NR,Savings),A305D-S6848
Savings),Instant,($177.98,($180.98,($169.98,($172,($186,dv2815nr,dv5-1002nr,C714NR
S3100,S8200,S6100,L24,S4100,S6200,S9300,S3000,S4300,L26
Volkswagen,Isuzu,1998,ISO,Tacoma,1997,1995,1982,Scosche,1992
Kodak,EasyShare,M341,C813,M590,M530,M893,M340,M381,M863
Biscuit-on-Biscuit,Biscuit,White-on-White,Black-on-White,Black-on-Black,Bisque-on-Bisque
1300LM,1300LMT,1300T,nuvi,260W,205W,255W,255WT,nüvi,Garmin
House,Mouse
KitchenAid,Architect
Frigidaire,Gallery
EasyShare,Kodak,C813,M590
16.5,16.6
IdeaCentre,ThinkCentre,Ideacentre,Lenovo,ThinkPad,IdeaPad,K330B-77471TU
Olympus,Stylus,Tough,VG140,7030,VR-340,FE-340
Otterbox,OtterBox,Potter,Deathly,Opener,5-7,Potter,Hallows,Thunderbolt,Torch
Blue/Green,Green
Digi-Lightful,Emotic-On,Birthday,Slaphappy,Denim,Yourself,Detected,Clicks,Piece,Hope
Special,(Special
Durabook,Netbook
600Hz,INFINIA,480Hz,Plasma,59,51,Zenith,64,VIERA,KURO
Pentium,Pentium®,3.40,2.40,i5-2430M,i3,3.10
55-250mm,70-300mm,75-300mm,55-200mm,55-250,55-300mm,18-200mm,24-70mm,55-200,15-85mm
Blu-ray,Player,Player,Setup,HDTV,Soundbar,class,TV,Glasses
Insignia™,Insignia®,Insignia
Graduate,Grad's,Hats,Graduation,Congrats,Thank-You,Thank,It!,Muchas,Congratulations
Freezer,Bottom-Mount,Top-Freezer,Panorama,24.8,Top-Mount
FinePix,FUJIFILM,Finepix,Fujifilm,Fuji,XP20,JX310,Z90,Z70,XP50
Counter-Depth,Counter,Depth,23.4,CustomStyle,24.5
Pink/Purple,Purple,Pink/White
Convection,Protection
Sharp,AQUOS,Quattron
L355D-S7825,L305D-S5895,L355D-S7901,AntiSpyware,AntiVirus,dv5-1002nr,A305D-S6848,($180.98,($250,Sweeper
FinePix,Fujifilm,FUJIFILM,Finepix,Fuji,XP20,JX310,XP50,Z90,Z70
Candyshell,Hardshell,FabShell,Speck,4/4S,SeeThru,Shell,Pelican,ECO
Incase,Slipcase,A7
Counter-Depth,Depth,Counter,CustomStyle,23.4,24.6,24.5,23.1,23.2,w/Thru-the-Door
Super-Telephoto,Telephoto,Non-VR,D-SLR,DSLR-A230L,SLT-A65VK,Lens,DSLR-A330L,A390,SLR
Collector's,(Collector's
Barchetta,QM,Bolero,DBZ,Eminent,Guitars,Cavallo,AB,ST,FM
DSLR-A330L,DSLR-A230L,A330L,A230L,A230,A330,SLT-A65VK,Alpha,A55,A33
S8200,S3100,S4100,S6100,L24,D5100,D3200,L810,A3100,D3100
CM1630-05,CM5675-07,CM1630-06,CM5675-09,CM1730-05,CM1730-01,CM1730-03,CM1740-04,CM5671-05,23.6
Body,Body,(Body,Only),VRII,24-70mm,Only),D300s,28-135mm,7D
O'Neill,Headband,Philips,Phiaton,Ecko,PIIQ,Adidas,Noise-Isolating,Klipsch,Specked
Presario,Compaq,CQ5600Y,CQ5500Y,CQ5814,CQ5700Y,Sempron™,CQ2014
Carrying,(Sleeve),(Tote),NXT,Tannin,(Briefcase),Aramon,(Backpack),iPad
Greatest,Hits
(University,University),256MB,Collegiate,Univ.),Attaché,512MB,PNY,S70,TwistTurn
55-300mm,18-200mm,18-105mm,55-200,55-200mm,85mm,Non-VR,VR,55-300,VRII
PureGear,Clear,8530,8520,Cliq,RIM,Smoke
s5-1014,h8-1214,p6540y,p7-1054,p7-1074,s5730y,p6520y,p6674y,s5704y,p6654y
Extra-Large,Large,5.9,SteamDryer,EPICz
Over-The-Range,Over-the-Range,Microwave,Spacemaker,1.9,Goldstar,1.2,1.1,1.5,1.4
Crash,Bash,Smash,Bandicoot,Nicktoons,Nickelodeon
Solid,256GB,Nero,128GB,State,Radiant
Snap!,Snap,Snap-On
Worlds,World's,World
Xentris,Snap-On,Intensity,A855,A957,Pantech,Nokia,Cliq,Gravity,Soft-Touch
Defenders,Defender,OtterBox
Integra,Ascenta,Bosch,800
Cumpleaños,Feliz,Slaphappy,Navidad,Día,la,Muchas,Felices,Denim,Kwanzaa
Satin,Omen-6,ATX,SLS,PT,Solo-6,C-7,C-8,SGR,C7
Later,Water,Tacoma
SX-230HS,SX230HS,Elph,SD1300IS,300HS,A1100,SX260,HS,SD1400IS,A3100
Altra,Ultra
240Hz,240,120Hz,Hz,480Hz,Quattron,1080p,XBR
Vintage,Vantage,Mahogany,Jazz
Sports,Sports
Messenger,(Messenger),Wenger
Magellan,RoadMate,5045-LM,3045-LM,3065,1424,2036,Maestro,1490T,760
Games,James,Game
ED-Ready,3D-Ready,HD-Ready,Ready,Digital-Cable-Ready,3D-ready,Inputs,w/HDMI
Motorola,DROID,RAZR,A855,A957,Soft-Touch,LTE,Cliq,MB200,Nokia
Monochromatic,Satina,Stainless-Look
(Limited,Limited,Unlimited
D5000DX,D5000,D3000,D90,D7000,D300,Non-VR,D5100,55-300,D300s
S3000,S9300,A2300,A3100,L22,L24,A4000,S8200,S6200,P500
Reduction,Action,Vibration
Digital-Cable-Ready,Widescreen,w/HDMI,HD-Ready,Inputs,ED-Ready,Input,PureVision,TheaterWide,Magnavox
Lumix,ZS8,FH5,FH24,L26,SDHC,DSC-H90
Slaphappy,Kwanzaa,Hanukkah,Cumpleaños,Celebrate,Dreidel,Denim,Happy,Clicks,Mom's
Machines,eMachines
OtterBox,Otterbox,Commuter,Impact,Defender,RAZR
2005-2009,2007-2008,2007-2009,2004-2008,2003-2008,2004-2006,2001,2009-2010,2006-2010,Isuzu
Dynex®,Dynex™,Dynex,iSymphony,Magnavox,HDTV/DVD,Viore
Honeyburst,Sunburst,3-Tone,Tobacco,Honey,2-Tone,PDF,PT,Jazz,RX
CyberPowerPC,CyberpowerPC,iBuyPower,Gamer,Supreme,Xtreme,2TB,Z820
Aspire,Inspire,Inspired
Laptops,17R,14R,Lid,15R,Peacock
55-300mm,18-200mm,55-200mm,55-200,55-300,85mm,70-300mm,Non-VR,18-105mm,VR
2005-2009,2004-2008,2003-2008,2007-2009,2007-2008,2004-2006,2009-2010,2001,2006-2010,Isuzu
2004-2008,2005-2009,2003-2008,2004-2006,2007-2009,2007-2008,2009-2010,2006-2010,2001,Isuzu
Skullcandy,Smokin',Ink'd,Mic'd,Uprock,Hesh,Lowrider,Rasta,Ecko,2XL
CQ5600Y,CQ5500Y,CQ5700Y,Presario,CQ5814,Sempron™,CQ2014,EL1850-01e,Compaq,SX2855-UB10P
Disney's,Disney,Disney/Pixar
Isuzu,Tacoma,Volkswagen,1998,Chrysler,ISO,1997,Chrysler,1995,1992
Auto,Theft,Andreas,Auto,Vice,Liberty,Stories,Grand
Capacity,Super-Capacity,Colossal-Capacity,Dryer,7.1,SuperSize,Cabrio,6.5,SteamDryer,Steam
Birdhouse/Tony,SkateDrive,Drives,Logo,SurfDrive,SnowDrive,Workshop,QS,Cruz,Rob
350T,Dashboard,335LE,3045-LM,350TM,340S,350M,340TM,3065,5045-LM
2004-2008,2003-2008,2004-2006,2005-2009,2007-2008,2007-2009,2009-2010,2006-2010,2001,Isuzu
2006-2010,2009-2010,2004-2008,2004-2006,2005-2009,2003-2008,2007-2009,2007-2008,2001,Isuzu
2004-2008,2005-2009,2003-2008,2004-2006,2007-2009,2007-2008,2001,2009-2010,2006-2010,Isuzu
University),(University,256MB,Collegiate,Univ.),512MB,Attaché,TwistTurn,S70,PNY
Slipskin,Impax,Slip,Slipcase,A7,Peel,CityGear,Slim
Ultimate,Ultima
D7000,D5100,D3200,D3000,55-300,D5000DX,D300,55-200,D5000,D90
Ford,Accord,Ford,Isuzu,Volkswagen,1998,Mercedes,1997,Chrysler,Tacoma
Defender,OtterBox,Defenders,Otterbox,Commuter
Clancy's,Tomorrow,Cell,Splinter,Rainbow,Pandora,Six,Recon,Recon,Theory
Squad,Squad,Squad®,Geek
Holidays,Holiday
Auto,Theft,Grand,Andreas,Vice,Liberty,Gran,Auto,Stories
Computers,Computer
Communications,Superior,Cliq,A855,Xperia,Ericsson
Phenom™,X4,Athlon™,X6,AMD,Velvet
Candyshell,Speck,FabShell,Hardshell,SeeThru,Fitted,Specked
Communications,Superior,Cliq,A855
(University,University),256MB,Collegiate,Univ.),Attaché,512MB,S70,TwistTurn,PNY
University),(University,256MB,Univ.),Collegiate,512MB,TwistTurn,S70,Attaché,PNY
Stainless-Look,Monochromatic,Satina,w/Thru-the-Door,Thru-the-Door,Thru-The-Door,Look,29.1,9.7,29.7
Duty,Warfare,Duty,Modern,Call,Ops,Juarez
Polaroid,Droid,7030
Pocket,Jacket
2004-2008,2003-2008,2004-2006,2005-2009,Volkswagen,Isuzu,2007-2009,2007-2008,ISO,Tacoma
QuickClean,Hotpoint,Drop-In,CleanDesign,Self-Cleaning,Freestanding,Range,Slide-In,Propane,Liquid
D5000DX,D5000,D90,D3000,Non-VR,D300s,D60,D300,12.3-MP,VR
CyberPowerPC,CyberpowerPC,iBuyPower,Gamer,Supreme,2TB,Xtreme,Z820
Volkswagen,Isuzu,2007-2008,2004-2008,2003-2008,2007-2009,ISO,Tacoma,1998,2005-2009
Factory-Refurbished**,Factory-Refurbished,Refurbished,Factor
Affinity,Infinity
Crime,True,L.A.
Jazz,Hagstrom,Swede,Tremar,Viking,UltraLux,Tobacco,RX,Idol,Mahogany
Beats,By,Cheats
Ogio,RSS,(Messenger)
Revolution,Evolution,Glee
Dragon,Z
Alliance,Dance
Honeyburst,Sunburst,Tobacco,3-Tone,Honey,PDF,2-Tone,PT,Jazz,Tempest
Double-Cutaway,Cutaway,Single-Cutaway,Transparent,Damien,Schmidt,Oscar,EXP,Floyd,See-Thru
Mitsubishi,Cinema,Unisen,82,73,DLP,Quattron
Adventures,Adventure,Adventure
Volkswagen,2009-2010,Isuzu,2006-2010,2004-2008,2003-2008,1998,Hyundai,Tacoma,2005-2009
C-8,Blackjack,C-7,ATX,PT,SLS,Solo-6,Left-Handed,SGR,C7
Novia,Cascadia,Casata,Valera,Deploy,38,Sonax,68,62,Bell'O
Party,Party,Part
IdeaCentre,Ideacentre,K330B-77471TU,ThinkCentre,Lenovo,SX2855-UB10P,21.5,DX4840-03E,DX4860-UB20P,DX4860-UB33P
Force,Force,G-Force,Forces,Delta
2004-2008,2005-2009,2004-2006,2003-2008,2007-2009,2007-2008,2001,2009-2010,2006-2010,Isuzu
Signature,(Signature
Stocking,Dazzling,Housewarming,Making,Dreaming,Wedding,Downloading,Trimmings,Dazzle,Jingle
(University,University),256MB,Collegiate,Univ.),Attaché,512MB,PNY,S70,TwistTurn
Starter,Smarter
Birdhouse/Tony,SkateDrive,SurfDrive,Logo,Drives,SnowDrive,QS,Cruz,Workshop,Rob
Fantastic,Fantasy,Final
CleanSteel,Stainless-steel,Stainless-Steel,Café,Bisque-on-Bisque,Black-on-Black,White-on-White,Stainless-Steel/Black,Black-on-White,Hotpoint
MySims,MySims,Sims,Pets
Barcelona,Chameleon,Designs,Salamander,237,Corsica,Synergy,Pinnacle,Cascadia,Deploy
Squad®,Geek,Squad,Squad
Original,Origins,Final,Origins,Jones,M31
Designs,Barcelona,Chameleon,237,Salamander,Corsica,Synergy,Pinnacle,Design,Deploy
Audio,Studio
Theater,TheaterWide,3D-ready,Adapter,Blu-ray,Setup,3D-Ready
Pantech,myTouch,Cliq,Nokia,A855,Droid,Intensity,LTE,T-Tech,A957
Glasses,Blu-ray,class,TV,Pairs,HDTV,Setup,3D-ready,Soundbar,Player,
Streets,Street,StreetPilot
Neoprene,Brenthaven,Multicolor,Stripes,11
Extreme,Xtreme,Supreme,iBuyPower
Monsters,Monster
Chameleon,Barcelona,Cabinet,Corsica,237,Cascadia,Salamander,Designs,A/V,Deploy
Briefcase,Brief,(Briefcase),Rolling,Slipcase
Alienware,Aurora,DDR
Colossal-Capacity,Super-Capacity,7.5,Steam,Capacity,7.1,King-Size,Dryer,SteamDryer,EPICz
Legends,Legend,Legends,Zelda
Hellraiser,See-Thru,C-8,C-7,PT,Floyd,Damien,Solo-6,C7,SGR
Stratocaster®,Stratocaster®,Telecaster®,Telecaster®,Fretboard,Rosewood,Fender®,HSS,Blonde,Squier®
Slider,Raider,Lowrider,Raider
Squad,Squad,Squad®,Geek
Gunmetal,Metal
Furniture,Whalen,38,56,44,237,68,Tube,Pinnacle,Highboy
CyberPowerPC,CyberpowerPC,iBuyPower,Gamer,Supreme,Xtreme,2TB
iFrogz,Luxe
Skullcandy,Smokin',Uprock,Ink'd,Lowrider,Mic'd,Rasta,Hesh,Ecko,2XL
Auto,Theft,Andreas,Vice,Stories,Liberty,Auto,Grand
Thank-You,Thank,Thanks,Muchas,Grad's,Denim,Snowman,That,Fireplace,Slaphappy
Birdhouse/Tony,SurfDrive,SkateDrive,SnowDrive,Logo,Drives,QS,Cruz,Rob,Workshop
Colossal-Capacity,Super-Capacity,7.5,Steam,Capacity,7.1,King-Size,Dryer,SteamDryer,EPICz
South,Twelve,BookBook,Shore
AntiSpyware,AntiVirus,Sweeper,L355D-S7825,Webroot,L305D-S5895,L355D-S7901,Kaspersky,plus,($250
Sauder,TV/VCR,Corner,TVs,Highboy,Novia,Valera,44,Tube,38
Rubber,Skin,9630,8330,8900,Smartphones,8520,8530,RIM,PureGear
CyberPowerPC,CyberpowerPC,iBuyPower,Gamer,Supreme,2TB,Xtreme,Z820
Cumpleaños,Slaphappy,Navidad,Feliz,Kwanzaa,Día,Muchas,Denim,Dad's,Grad's
America,America,American
255,250,255W,255WT,2036,205W,5045-LM
1300T,1300LMT,1300LM,3045-LM,5045-LM,205W,260W,nuvi,3065,1450
Mysteries,Mysteries,Mystery,Myst
CleanDesign,21,QuickClean,Drop-In
EXILIM,Exilim,Casio,EX-ZS10
Battles,Battle,Battlefield,Battlefield,Battlefront,Warcraft
Washburn,RX,XM,Idol,Taurus,Jazz,Tobacco,PDF,Acoustic/Electric,MaxxFly
Lifetime,McNally,255WT,nuvi,255W,1300LMT,340TM,1300LM,330S,335LE
Stylus,Olympus,Tough,VG140,7030,VR-340,VG-140,FE-340,XP50,FE-370
Silicone,Phone,Ozone,Nokia,Instinct,(AT&T),3G/3GS,Captivate
Design,Pinnacle,High-Design,Designs,237,Chameleon
2004-2008,2003-2008,2004-2006,2005-2009,2007-2008,2007-2009,2001,2009-2010,2006-2010,Isuzu
myTouch,9900,Touch,MB200,Pouch,Cliq,Soft-Touch,8900,A855,6300
Sennheiser,Adidas,Kicker,Noise-Isolating,PIIQ,Audio-Technica,Ecko,Klipsch
Adventures,Adventure,Adventure
Yours,Your,Yourself,Scarface
DSC-W120/P,DSC-W120/B,DSC-W120/L,DSC-W120,DSC-S750,DSC-H90,W370,M763,W560,7.2MP
WAAS-Enabled,Receiver,Receive,760,1490T,MSN,RoadMate,260W,205W
Stocking,Housewarming,Dazzling,Making,Dreaming,Wedding,Dazzle,Downloading,Fireplace,Snowman
Harry,Potter,Deathly,Potter,Hallows,5-7,1,–
America,American,America
Presario,Mario,CQ5700Y,CQ5500Y,CQ5600Y,CQ5814
Heroes,SkyHeroes
Codes,Cheat,Cheats,Code,Overload,GBA,GBA,Codes
Christmas,Santa's,Merry,Housewarming,Nuts,Dreidel,Glow,Snowman,Appear,Instruments
Whalen,Furniture,38,44,Atlantic,Deploy,56,237,Pinnacle,68
S3100,S8200,S6100,L24,S4100,S6200,S9300,S3000,S4300,L26
Conquest,Quest
Electronics,MEElectronics,Electronic,LETHAL,i-tec
Compact,Impact
Advance,Advance,Advanced,Boy
Raider,Raider,Underworld,Croft,Lara,Tomb,Under,Skyrim,Darksiders
L24,PL210,L810,S210,VG-140,S8200,L22,VG140,L26,S4100
Griffin,Reveal,Outfit,(AT&T),Elan
CustomStyle,Custom
Chronicles,Chronicles
Barchetta,DBZ,Bolero,Eminent,QM,ST,Guitars,AB,FM,Venom
Projection,Rear-Projection,DLP,73,82
Volkswagen,Isuzu,1998,1997,Tacoma,Acura,Subaru,1995,1982,1992
Integra,Ascenta,Bosch,Like,23-7/8,Woodlike,P,800
Organization,GRID-IT,Cocoon,Organizer,Devices,Device
PENTAX,Optio,K-01,K-x,K-7
Navy,SEALs,SOCOM,SOCOM,U.S.,Heavy
Cumpleaños,Navidad,Slaphappy,Día,Muchas,Feliz,Thank-You,Denim,Grad's,Reyes
DataTraveler,Kingston,109,TwistTurn,S70,S50,101,Echo,3.0,Locker
Congratulations,Graduation,Congrats,Grad's,Graduate,It!,Thank-You,Snowman,Muchas,Fireplace
Corolla,Golla,Maxima,Tacoma,Ridgeline,Camry,GS
Smooth,Panorama,26.5,Bottom-Mount,19.9,24.8,26.4,Freezer,29.1,19.0
Kings,Rings,Rings,King,Kingdoms
Madden,NFL,09
JumpDrive,TwistTurn,S70,Lexar,S50,512MB,Echo,3.0,64GB,Gizmo
Defender,Holster,OtterBox,Otterbox,Thunderbolt,XPAL,Defenders
Chevrolet,Chevrolet,1990,1988,GM,1992,Isuzu,1994,Aftermarket,1995
Transparent,Trans,Cavallo,EXP,QM,Eminent,Venom,AB,ST,Schmidt
Raider,Tomb,Croft,Raider,Lara,Underworld,Jones,Angel,Jones,Indiana
Jingle,Jangle,Dangle,Single,Twinkle,Dazzling,Dazzle,Trimmings
(Official,Official,Strategy
Single-Cutaway,Damien,Double-Cutaway,Floyd,See-Thru,PT,Hellraiser,C-8,Left-Handed,Cutaway
Other/Brushed,Brushed,Other/Black
Assassin's,Assassins,Creed,Creed,Brotherhood
18-135mm,28-135mm,15-85mm,Gadget,18MP,18-55,24-70mm,18-105mm,7D,Body,
Yours,Your,Yourself,Scarface
Stratocaster®,Telecaster®,Telecaster®,Stratocaster®,Fretboard,Rosewood,Fender®,HSS,Blonde,Squier®
Speed,Need,Speed
Accord,Ford,Ford,Isuzu,1998,Acura,Volkswagen,1997,Mercedes,Tacoma
Twilight,Ambilight,Flight,Fight,Right
Incredible,Hulk
I570-9113BK,I570-9402NBK,I570-7034PBK,I570-9445NBK,I560-2050NBK,I620-228NBK,I560-2133NBK,I620-798BK,I580-6736NBC,I580-9186NBC
Slaphappy,Kwanzaa,Hanukkah,Cumpleaños,Denim,Celebrate,Dreidel,Photo-Holder,Snowman,Dad's
BlackBerry,Curve,8520,8530,8330,PureGear,9630,8900,RIM,Bold
Battlefield,Battlefield,Battlefront,Battles,Battle
Batman,Batman,Arkham,Asylum
Altra,Ultra
S9300,A2300,A3300,S6200,A4000,S8200,A2200,SX-230HS,S6100,A3100
Resident,Evil,Outbreak,Raccoon,Evil
Online,Online
Teenage,Ninja,Mutant,Shippuden
Stratocaster®,Stratocaster®,Telecaster®,Telecaster®,Fretboard,Rosewood,Fender®,HSS,Squier®,Blonde
Middle-earth,Rings,Rings,Lord,Lords,Warcraft,Wrath,Brawlers,Sith,WWII
DataTraveler,Kingston,109,101,Traveler
Center,Enter
Cabela's,Survival,Katmai,Peripheral,Hunting,Dangerous
Baseball,Football,NHL,2K9,2K12,2K11,Major,NCAA,League,2K10
DSLR-A330L,A330L,DSLR-A230L,A230L,A230,A330,A33,A390,A55,10.2-MP
2004-2008,2005-2009,2007-2008,2007-2009,2003-2008,2004-2006,2009-2010,2001,Isuzu,2006-2010
SwissGear,Swiss,CityGear
Jazz,Hagstrom,Swede,Tremar,Viking,UltraLux,RX,Tobacco,Idol,Mahogany
S8200,S4100,L24,S6100,S3100,S6200,S4300,S9300,CoolPix,S3000
Revolution,Evolution,Glee
Potter,Deathly,Hallows,Potter,Harry,5-7,1,–,After
Super-Telephoto,Telephoto,Non-VR,D-SLR,DSLR-A230L,SLT-A65VK,Lens,DSLR-A330L,A390,SLR
Carry,Harry
Assassin's,Creed,Creed,Assassins,Brotherhood,Effect,Revelations,DOOM
Kombat,Kombat,Combat,Combat
Warriors,Warriors,Warrior,Dynasty,Gundam
Karaoke,Glee,Volume,Volumes
Transformers,Cybertron,Brawlers,Enemy,Fallen,Lords,Ghostbusters
Prince,Persia,Persia,Forgotten,Sands,Princess,Princess,Narnia,Zelda,Spyro
Polaroid,7030,VR-340
Legends,Legends,Legend
Baseball,League,2K9,Major,2K12,2K11,2K10,NHL
Counter,Hunter,Splinter
Exilim,EX-ZS10,EXILIM,Casio,DSC-H90,ZS8,FH5,Vivitar,JX310,W530
Electronics,MEElectronics,Electronic,LETHAL,i-tec
DX4860-UB20P,DX4860-UB32P,DX4860-UB33P,DX4840-03E,SX2801-01e,SX2803-25e,SX2855-UB10P,h8-1214,FX6840-03E,p6540y
SX-230HS,A2200,A2300,A3300,SX230HS,S8200,A4000,S9300,SX150,S6200
Amplifier,Bullet®,Roper
Secrets,Secrets,Secret
Widescreen,Flat-Screen,Screen
Princess,Princess,Prince
Warfare,Duty,Modern,Duty,Juarez,Call,Ops,Bound
Birdhouse/Tony,SurfDrive,Logo,SnowDrive,SkateDrive,Drives,QS,Cruz,Rob,Pool
Birdhouse/Tony,Hawk,Workshop,SkateDrive,Logo,QS,Drives,Rob,Roxy,SurfDrive
Cable,Table,Cable,
AntiVirus,AntiSpyware,plus,Sweeper,Webroot,L305D-S5895,L355D-S7825,G60-235DX,L355D-S7901,Kaspersky
Warfare,Duty,Modern,Duty,Juarez,Call,Ops,Warcraft,Castlevania,Bound
DSLR-A330L,DSLR-A230L,A330L,A230,A230L,A330,A33,A390,A55,10.2-MP
Switch,Lid,17R,15R,14R
myTouch,9900,Touch,MB200,Pouch,Cliq,Soft-Touch,8900,A855,6300
Zippered,Merkury,Edie,Top-Loading
S8200,S6100,S6200,S9300,S4300,L24,S3100,PL210,S4100,L810
Honor,Medal,Honor,Allied
Pandora,Tomorrow,Cell,Clancy's,Splinter,Six,Rainbow,Recon,Future,Underworld
DX4840-03E,DX4860-UB20P,DX4860-UB32P,DX4860-UB33P,SX2801-01e,CM1730-03,FX6840-03E,CM1730-01,CM1730-05,CM1740-04
Celeron®,Sempron™,Helios,Velvet,Biscotti,Athlon™,E-Series,Mesh,3GB,RM-70
2011,2012,2010,2012
S6200,S9300,S6100,S8200,S4300,A2300,8300,MB200,P500,S3100
Housewarming,Dazzling,Stocking,Downloading,Wedding,Dreaming,Making,Trimmings,Dad's,Kwanzaa
Videogame,Sesame
Salamander,Designs,Chameleon,Barcelona,237,Synergy,Corsica,Deploy,Pinnacle,Cascadia
SpongeBob,SquarePants,SpongeBob's,SquarePants,Nickelodeon,Nicktoons,Nicktoons
Birdhouse/Tony,SkateDrive,SurfDrive,SnowDrive,Logo,Drives,QS,Cruz,Rob,Workshop
Scrolls,Civilization,Oblivion,Skyrim,V,Meier's,Elder,IV,Sid,Deception
Premier,Simple
FE-340,FE-370,VR-340,VG140,VG-140,M590,FE-4010,7030,M893,Tough
Kwanzaa,Slaphappy,Cumpleaños,Hanukkah,Celebrate,Denim,Dreidel,Piece,Dad's,Grad's
Congratulations,Graduation,Grad's,Snowman,Congrats,Muchas,Housewarming,Thank-You,Fireplace,Lawnmower
Spring,Wedding,Dazzling,Stocking,Housewarming
Shadows,Shadow
Raider,Raider,Croft,Lara,Underworld,Tomb,Elder,Skyrim
Honor,Medal,Honor,Allied
Organization,Organizer,Devices,GRID-IT,Device,Cocoon
Baseball,2K9,League,2K12,Major,2K11,2K10,NHL
Walnut,Omen-6,PT,ATX,C-8,C7,C-7,Floyd,Solo-6,Left-Handed
All-Stars,Stars,SEGA
S6100,S8200,L24,S3100,S6200,S4100,S9300,S4300,S3000,L26
Designs,Pinnacle,237,Design,Barcelona,Salamander,Chameleon,38,Deploy,Whalen
Patriots,Patriot
Origins,Origins,Wolverine,Original
Speed,Need,Speed
Mysteries,Mysteries,Myst,Mystery
Noise-Isolating,Kicker,Ecko,Smokin',Bud,Mic'd,Adidas,PIIQ,Hesh,Ink'd
Hotpoint,Inglis,Siemens,CleanSteel
Candyshell,Hardshell,FabShell,Pelican,Speck,4/4S,SeeThru,ECO,NautiCase
Treat,Great
D300s,Only),D300,(Body,24-70mm,VRII,Only),15-85mm,28-135mm,Non-VR
Wenger,Messenger,(Messenger),Avenger
Durabook,Ultrabook,13.1,128GB,256GB,Portege,GammaTech,13.3
Stratocaster®,Stratocaster®,Telecaster®,Telecaster®,Fretboard,Rosewood,Fender®,HSS,Strat®,Squier®
Silent,Hill,Hill
S8200,S6200,S9300,S6100,S4300,L24,A2300,L26,S3100,P500
Brilliant,Qosmio,18.4,Portege
Origins,Origins,Original
Knight,Fight,Midnight,Right,Flight
Dust,Just
i3-2330M,i5-2430M,i5-2520M,2.50,2.30,3.40,i7-2670QM,2.20,2.40,Envy
Claiborne,Jacquard,Liz,Quilted
Alien,Workshop,Aliens,Birdhouse/Tony,Channel,Zoo,Tag
2004-2008,2005-2009,2004-2006,2003-2008,2007-2009,2007-2008,2009-2010,2001,2006-2010,Isuzu
s5-1114,s5610y,s5-1014,s5730y,s5704y,s5510y,p6540y,s5-1204,p6654y,p6510y
Tournament,Ornament
CyberpowerPC,CyberPowerPC,iBuyPower,Supreme,Gamer,Xtreme,2TB
Super-Capacity,Capacity,SuperSize,Dryer,SteamDryer,7.1,Colossal-Capacity,Bravos,EPICz,Cabrio
Splinter,Cell,Clancy's,Tomorrow,Pandora,Rainbow,Theory,Six,Recon,Recon
Secrets,Secrets,Secret
SX-230HS,SD1400,A2200,SX230HS,A2300,A3300,SD1400IS,A1100,SX150,A4000
Recon,Recon,Clancy's,Warfighter,Tomorrow,Future,Future,Rainbow,Pandora,Ghost
Persia,Persia,Forgotten,Spider-Man,Spider-Man,Sands,Prince,Godfather,Sword,At
Nancy,Drew,Drew
M863,M341,M763,C813,M893,M340,8.2MP,J10,M590,J38
Games,James,Game
Madagascar,Madagascar,Escape,Museum
Cheats,Cheat,Overload,GBA,GC,GBA,PSP,Codes,Wii,
QM,Bolero,Barchetta,Cavallo,DBZ,AB,FM,Eminent,ST,Venom
Ascenta,Integra,Bosch,Nautilus,Tall-Tub,23-7/8,P,Tub,Tall,18
BlackBerry,8520,Curve,8530,PureGear,8330,9630,8900,RIM,9900
Zelda,Sword,Brave,Legend,Twilight
Extreme,Xtreme,Supreme,iBuyPower
Vibration,Celebration,Operation,Vacation,Reduction
Version),Version
Reduction,Vibration,Induction
Obsidian,Velvet,Biscotti,MSI,Mesh,Helios,Argento,Peacock,Bamboo,Q2
Isuzu,Aftermarket,1997,Tacoma,Volkswagen,1998,Lincoln,1982,Acura,ISO
Jones,Jones,Indiana,Thrones
Internet,Kaspersky,L355D-S7825,L355D-S7901,L305D-S5895,($230,A305D-S6848,Security
Induction,Reduction
Indigo,ST65,PL210
Indiana,Jones,Jones,Continues,Staff
i5-2520M,i5-2430M,i3-2330M,2.50,3.40,2.40,2.20,2.30,3.10,Fujitsu
Corner,Simple,Pier,TV/VCR,44,Highboy,38,RTA,Novia,Sauder
Chrysler,Chrysler,Isuzu,Dodge,1998,ISO,Volkswagen,Tacoma,1982,1995
1300LMT,1300LM,1300T,nuvi,260W,205W,255W,255WT,1490T,255
M530,W530,W330,M341,M340,W370,SL605,M590,J38,M893
Making,Stocking,Viking,Dazzling,Jingle,Housewarming,Wedding
Rainbow,Vegas,Six,Clancy's,Tomorrow,Cell,Pandora,Splinter,Recon,Recon
ThinkCentre,ThinkPad,IdeaCentre,3.10,Ideacentre,3.40,Lenovo,i3-2330M,Nettop,Fujitsu
School,Preschool,Senior,DANCE
QuickClean,Self-Cleaning,Drop-In,Freestanding,Slide-In,CleanDesign,Range,Liquid,Propane,30
Caribbean,Pirates,At,Forgotten,Thrones,World's,Ghostbusters
Kartz,Petz,DreamWorks,Craze,Crazy,MySims,MySims,Paws
Peavey,EXP,Transparent,Cutaway
Musical,DANCE,Senior,School,It,Instruments
Michael,Jackson,Experience
Alive,Live
Friends,Friends,Claws
8300,MB200,9900,8900,9000,6300,A855,9700,RAZR,A957
Crime,Crime,Prime
Flip,Clip
Bluetooth,Jawbone,Jambox
Assault,Allied,Honor,Medal,Honor,Assassins
Adapter,Theater,3D-ready,Setup,Blu-ray
DSLR-A330L,DSLR-A230L,A330L,A230L,A230,A330,A33,A390,A55,10.2-MP
Masters,TOUR,PGA,Woods,12,Master
Warriors,Warriors,Warrior,Dynasty
Trilogy,Anthology,Episode
W370,PL210,ST65,W570,W530,SDHC,W310,W560,W350,DSC-H90
Republic,Wars,Jedi,Clone,SOL,Enemy,Saga,Wars
PDF,Tobacco,Schmidt,MaxxFly,Honeyburst,QM,RX,Parker,Cavallo,Idol
Operation,Generation,Generations,Civilization,Vacation,Revelations
Lexus,Nexus,ES,BMW,1992,GS
i5-2430M,2.50,i5-2520M,i3-2330M,2.40,3.40,2.30,2.20,i7-2670QM,Mocha
Baseball,2K9,Major,2K12,2K11,League,2K10,NHL
Downloading,Housewarming,Stocking,Dazzling,Making,Wedding,Twinkle,Kwanzaa,Trimmings,Muchas
Notebooks,Notebook,Notebook
Kitty,Hello
i5-2520M,i3-2330M,2.50,LIFEBOOK,Fujitsu,i5-2430M,2.30,3.40,2.40,ThinkPad
Aftermarket,Isuzu,1990,1982,Sorento,1992,GM,1997,ISO,In-Dash
18-135mm,28-135mm,18MP,18.0MP,18-55,15-85mm,Gadget,55-250,7D,T3i
Keystone,4/4S,iPhone,ECO,iPhone®,3G/3GS,3G/3G,NautiCase,Ozone,3GS
Reckoning,Rising,Awakening,Among,Sleeping,Drake's,DOOM,Darksiders
Dazzling,Wedding,Stocking,Dreaming,Housewarming,Downloading,Trimmings,Making,Dad's,Kwanzaa
Radiant,Portege,256GB,Durabook,13.1
Paradise,Burnout
Madagascar,Madagascar,DreamWorks,Kartz
Lexus,Nexus,ES,BMW,1992,GS
Kingdoms,Kingdom,Hearts,Chronicles
Flip,Clip
Warfighter,Fighter,Fighters,Recon,Recon
BlackCrystal,Crystal
Birdhouse/Tony,SkateDrive,Logo,Cruz,SurfDrive,SnowDrive,Drives,QS,Rob,Workshop
Connection,Protection
Borderlands,Darksiders,DOOM,Prototype,Demon's,F.E.A.R.,Assassins,Castlevania,Mafia,Killzone
Biscotti,Helios,Velvet,Argento,Bamboo,Mesh,MSI,3GB,Obsidian,X6
Ballistic,LTE
p7-1054,p7-1154,p7-1074,h8-1214,p7-1254,s5-1114,s5-1014,p6754y,p6654y,s5-1204
Splinter,Winter,Printer
Amber,Umber,AB,Tobacco,QM,EXP
Treat,Great
Techno,Snowman,Jolly,Tech,Technology,Photo-Holder,Lawnmower,Muchas
Muchas,Lawnmower,Photo-Holder,Slaphappy,Snowman,Denim,Grad's,Golfer,Reindeer,Thank-You
(Official,Strategy,Official
Shadows,Survival,Katmai,Peripheral,Shadow,Castlevania
S3000,S9300,A2300,A3100,L22,L24,A4000,S8200,S6200,P500
Día,Felices,Reyes,Navidad,Wishes,Muchas,la,Feliz,Dazzle,Thank-You
Isuzu,Chevrolet,Pontiac,1992,1990,Chrysler,1995,1998,Tacoma,1982
Organization,GRID-IT,Organizer,Devices,Cocoon,Device,Navigation
Middle-earth,Rings,Wrath,Lord,Lords,Rings,Warcraft,North,Sith,Brawlers
myTouch,MB200,9900,Cliq,A855,6300,LTE,Soft-Touch,Droid,8300
Mortal,Portal,Kombat
Omega,Mega
M530,W530,W330,M341,M340,W370,SL605,M590,J38,M893
Kombat,Kombat,Combat,Combat
Rabbids,Kids,Kids,Rayman
Candyshell,Hardshell,FabShell,Pelican,Speck,4/4S,ECO,SeeThru,NautiCase
Housewarming,Dazzling,Stocking,Dreaming,Trimmings,Wedding,Downloading,Making,Dazzle,Fireplace
Football,NHL,NCAA,Baseball,2K9,2K12,2K11,2K10,Major,NFL
Warriors,Warriors,Dynasty,Gundam,Warrior
Chrysler,Isuzu,Chrysler,Dodge,Volkswagen,1998,ISO,Tacoma,Acura,1982
Digitally,Felices,Totally,Clicks,Wishes,Kwanzaa,Muchas
Detected,Slaphappy,Denim,Emotic-On,Cumpleaños,Muchas,SMILE,Clicks,Grad's,Dazzle
Congratulations,Graduation,Congrats,Grad's,Graduate,Thank-You,It!,Muchas,Snowman,Hats
Clone,Alone,Killzone,Jones,Enemy,Republic,Zone,Hitman,Hill
Celebrate,Kwanzaa,Celebration,Hanukkah,Slaphappy,Piece,Choice,Happy,It's,Cumpleaños
Camo,Sumo
Brothers,Brotherhood,Hell's,Arms
Atlantic,Atlantis
Arms,Hell's,Highway,Brothers
L305D-S5895,L355D-S7825,A305D-S6848,($180.98,($177.98,dv2815nr,($169.98,L355D-S7901,($186,dv5-1002nr
1300LMT,1300LM,1300T,nuvi,260W,255W,255WT,205W,1490T,255
Over-The-Range,Over-the-Range,Microwave,1.9,1.5,1.7,1.1,1.2,Goldstar,1.8
Veriton,3.40,3.10
Total,Fatal
Reckoning,Rising,Awakening,Sleeping,Sing,Raving,Among,King,Drake's,Bowling
SD1400,SD1400IS,A2200,SX-230HS,SX230HS,SX150,A4000,SD1300IS,A1100,310
Roxy,Rob,Logo,Birdhouse/Tony,Workshop,Cruz,SkateDrive,SnowDrive,SurfDrive,QS
Clancy's,Rainbow,Tomorrow,Cell,Six,Pandora,Recon,Splinter,Recon,Theory
Quantum,Toploader,007
Mounting,Hunting
Totally,Jolly,Kelly,Military
Tall-Tub,Jetclean,Nautilus,Tub,Tall,23-7/8,Dishwasher,P,Ascenta,24
X8300-197NBK,X8300-1225NBK,I570-9402NBK,SX8100-1408NBC,I570-9445NBK,I580-9186NBC,I620-228NBK,SX8100-2777NBC,i3-2330M,2.50
Digi-Lightful,Emotic-On,Yourself,Your,Denim,Slaphappy,Wanna,Hope,is,You're
Gumy,JVC,Marshmallow
Muchas,Thank-You,Navidad,Gracias,Día,Grad's,Dazzle,SMILE,Slaphappy,Wishes
Expansion,Showtime,Tycoon
Barcelona,Chameleon,237,Designs,Salamander,Corsica,Cascadia,Cabinet,Synergy,Deploy
Caribbean,Pirates,At,World's
Convertible,Bubble,Covert
Chambers,RZA,WeSC,Ludacris,Acoustic,Amber
Acoustic/Electric,Acoustic,QM,Tobacco,RX,Transparent,Trans,Amber
SX-230HS,A3100,A1100,A2300,A3300,SX230HS,A1000,A4000,Elph,SX150
W570,W560,SDHC,DSC-S750,DSC-H90,W530,W370,WX9,DSC-W120,DSC-W120/L
DSC-W120,DSC-W120/P,DSC-W120/L,DSC-W120/B,DSC-S750,DSC-H90,W370,W560,W570,W530
Tobacco,QM,Honeyburst,Cavallo,Imperial,Eminent,FM,Amber,PDF,AB
Isuzu,1990,1998,Tacoma,Volkswagen,1997,1995,1992,Chevrolet,1982
Chapter,After,Shrek,Forever,Potter
Stratocaster®,Stratocaster®,Telecaster®,Telecaster®,Fretboard,Rosewood,HSS,Fender®,Blonde,Squier®
Civilization,Scrolls,Oblivion,Skyrim,V,Meier's,Deception,Elder,Drake's,Sid
Noise-Isolating,Ecko,Adidas,PIIQ,Bud,Kicker,Smokin',Mic'd,Etymotic,Noise-Canceling
QM,Eminent,Cavallo,Bolero,Tobacco,Imperial,Barchetta,FM,Honeyburst,AB
Graduation,Congratulations,Congrats,Grad's,Thank-You,Graduate,Muchas,Thank,Snowman,It!
FinePix,Fujifilm,FUJIFILM,Finepix,Fuji,XP20,JX310,XP50,Z90,Z70
High-Definition,Ludacris,Noise-Canceling,Dynamic,RZA,WeSC,AKG
Underworld,Darkness,Raider,Croft,Lara,Tomb,Darksiders,Raider,Angel
p6510y,CQ2014,s5510y,s5610y,p6540y,CQ5814,s5704y,s5730y,p6520y,p6654y
Convertible,Covert,Bubble
A855,MB200,Cliq,Nokia,RAZR,LTE,A957,9630,Droid,6300
Carnival,Craze,Crazy
Cadillac,1995,1992,1994,1990,1997,1988,Taurus,1982,1998
University),(University,256MB,Univ.),Collegiate,512MB,Attaché,S70,TwistTurn,PNY
Volkswagen,Isuzu,1998,1997,Tacoma,1995,1992,1982,1990,ISO
Rosewood,Fretboard,Stratocaster®,Telecaster®,HSS,Blonde,Stratocaster®,Telecaster®,Bullet®,Tremolo
Defender,Thunder,Defenders,Thunderbolt,Under
Tough,VG140,7030,VR-340,Stylus,VG-140,XP50,XP100,FE-340,M590
Connect,Simple,Highboy,RTA,Corner
Saints,Row
Portfolio,Kenneth,CheckFast,Ladies',CityGear,Brief,(Briefcase),Impax
Killzone,Payne,DOOM,Hill,Demon's,Crysis,LittleBigPlanet,Alone,Darksiders,Hitman
Navigation,Navigon,McNally,Navigator
Navigation,Organization,Navigon,McNally,GRID-IT,Organizer,Device
Mission,Passion
Cascadia,Media,Novia,Casata,Deploy,Edison,Valera,62,237,38
Slipcase,Slimcase,Quickie,A7,Incase,Slipskin,Slick
L355D-S7825,L305D-S5895,A305D-S6848,($180.98,L355D-S7901,dv2815nr,($177.98,($169.98,dv5-1002nr,($186
Rings,Rings,Kings,Middle-earth,Lord,Ring
Hitman,Killzone,Hill,Hitman,DOOM,Singularity,Demon's
Captivate,Glove,Fascinate,Ericsson,Instinct,InvisibleSHIELD,RAZR,Intensity,Silicone,Cliq
s5704y,s5730y,s5-1014,s5610y,s5510y,p6540y,s5-1114,CQ2014,p6510y,p6674y
Birdhouse/Tony,Workshop,Channel,Logo,SkateDrive,QS,Rob,Hawk,Roxy,SurfDrive
Stars,Wars
Lawnmower,Snowman,Reindeer,Denim,Muchas,Santa's,Housewarming,Fireplace,Clicks,Grad's
Bakugan,Bakugan,Brawlers
Alienware,Aurora,DDR
Galactic,Arctic
2004-2008,2005-2009,2007-2008,2007-2009,2003-2008,2004-2006,2009-2010,2001,2006-2010,Isuzu
Chevrolet,1990,1988,1992,Chevrolet,1994,1995,Cadillac,GM,1982
1300LMT,1300LM,1300T,nuvi,260W,255WT,205W,255W,3045-LM,5045-LM
Top-Loading,Zippered,Edie,Merkury,Quickie,Jacquard
Birdhouse/Tony,Workshop,SkateDrive,Logo,QS,Rob,Cruz,Drives,Channel,SurfDrive
Warhammer,40,000,War,Warcraft
SX-230HS,EX-ZS10,W310,SX230HS,W370,310,W530,Elph,SDHC,A2200
Volkswagen,Isuzu,2006-2010,2009-2010,2004-2008,1998,2003-2008,Tacoma,1995,1997
Volkswagen,Isuzu,Tacoma,ISO,1998,Acura,1997,Mercedes,1995,1982
IdeaCentre,ThinkCentre,Ideacentre,K330B-77471TU,Lenovo,ThinkPad,IdeaPad,21.5
T5800,T8100,T5750,T5550,T5450,Q2
S3100,S4100,S6100,S6200,L24,S9300,S8200,A3100,S3000,S4300
AntiSpyware,Sweeper,Webroot,AntiVirus,L355D-S7825,L305D-S5895,dv5-1002nr,L355D-S7901,G60-235DX,dv2815nr
Smartphones,Phones,Skin,RIM,Rubber,8520
Birdhouse/Tony,Workshop,Logo,SkateDrive,Hawk,QS,Rob,Drives,Roxy,Channel
See-Thru,SeeThru,Zip-Thru,C-7,C-8,PT,C7,SGR,C-1,SLS
Saturn,Mercedes,ISO,Isuzu,Volkswagen,Tacoma,Pontiac,1982,Avalon,1998
Future,Ratchet,Clank,Future
